InputId,RemoteId
c8d0b045-19be-4825-9153-31a89415442d,003Kc00000AnJViIAN
2bddac80-bb25-4640-9c39-260b7009e5a4,003Kc00000AnJVxIAN
7adcd1e8-9bbc-452e-b9b5-7777d74c7c45,003Kc00000AnJVnIAN
0711ad69-2b64-4a7c-a605-dc3d68f6eef4,003Kc00000AnJVsIAN
7c7beef7-15b8-4f12-a3db-52b6a1b9fb3a,003Kc00000AnJVxIAN
91dd4c29-99c2-4f98-a557-a5c067880d18,003Kc00000AnJW2IAN
03d29f3e-8fdf-4d38-9cd9-26a1abb6e66b,003Kc00000AnJW7IAN
3fc7417f-f638-44e6-b861-2fd7e0b1634e,003Kc00000AnJWCIA3
d3310f12-6f77-4e01-9667-00621936fb76,003Kc00000AnJWHIA3
13baf2ba-62de-48dd-9a80-14573025e2c1,003Kc00000AnJWMIA3
ce9e3369-6728-4b56-9e69-7150679af032,003Kc00000AnJWRIA3
8116468e-8add-4cd1-abd4-c5ccf27fab8c,003Kc00000AnJWWIA3
12553e60-6236-4fd6-b533-7e7dcb9e7916,003Kc00000AnJWbIAN
7c3cd642-bf97-4b67-8b54-44cd546d5568,003Kc00000AnJWgIAN
8a53ff42-70ac-4672-bda4-2af4d445d6cf,003Kc00000AnJWlIAN
17f31e4f-d35f-4584-8735-cf7e33a1d9df,003Kc00000AnJWqIAN
ac8dddfd-92af-4e0a-a3f8-82dc36558ea7,003Kc00000AnJWvIAN
39d82c35-c9b0-4f75-b70c-1aff6ecf979c,003Kc00000AnJX0IAN
1f92e97b-7719-45f4-be01-709945e74679,003Kc00000AnJX5IAN
59356dd5-4939-44bc-94d0-720114b3e0d8,003Kc00000AnJXAIA3
